<annotation>
	<folder>manish_train</folder>
	<filename>image_6.png</filename>
	<path>\\orion\ASDU\Developers\Manish\pdf_image_reader\door_pdf\pdf_images\manish_train\image_6.png</path>
	<source>
		<database>Unknown</database>
	</source>
	<size>
		<width>3024</width>
		<height>2160</height>
		<depth>3</depth>
	</size>
	<segmented>0</segmented>
	<object>
		<name>door</name>
		<pose>Unspecified</pose>
		<truncated>0</truncated>
		<difficult>0</difficult>
		<bndbox>
			<xmin>882</xmin>
			<ymin>376</ymin>
			<xmax>920</xmax>
			<ymax>411</ymax>
		</bndbox>
	</object>
	<object>
		<name>door</name>
		<pose>Unspecified</pose>
		<truncated>0</truncated>
		<difficult>0</difficult>
		<bndbox>
			<xmin>1524</xmin>
			<ymin>1760</ymin>
			<xmax>1560</xmax>
			<ymax>1795</ymax>
		</bndbox>
	</object>
	<object>
		<name>door</name>
		<pose>Unspecified</pose>
		<truncated>0</truncated>
		<difficult>0</difficult>
		<bndbox>
			<xmin>1755</xmin>
			<ymin>1758</ymin>
			<xmax>1791</xmax>
			<ymax>1799</ymax>
		</bndbox>
	</object>
</annotation>
