<annotation>
	<folder>manish_train</folder>
	<filename>image_2.png</filename>
	<path>\\orion\ASDU\Developers\Manish\pdf_image_reader\door_pdf\pdf_images\manish_train\image_2.png</path>
	<source>
		<database>Unknown</database>
	</source>
	<size>
		<width>3024</width>
		<height>2160</height>
		<depth>3</depth>
	</size>
	<segmented>0</segmented>
	<object>
		<name>door</name>
		<pose>Unspecified</pose>
		<truncated>0</truncated>
		<difficult>0</difficult>
		<bndbox>
			<xmin>1524</xmin>
			<ymin>1766</ymin>
			<xmax>1563</xmax>
			<ymax>1797</ymax>
		</bndbox>
	</object>
	<object>
		<name>door</name>
		<pose>Unspecified</pose>
		<truncated>0</truncated>
		<difficult>0</difficult>
		<bndbox>
			<xmin>1756</xmin>
			<ymin>1617</ymin>
			<xmax>1789</xmax>
			<ymax>1650</ymax>
		</bndbox>
	</object>
</annotation>
