<annotation>
	<folder>online floor plan images</folder>
	<filename>img_3.png</filename>
	<path>\\orion\ASDU\Developers\Manish\online floor plan images\img_3.png</path>
	<source>
		<database>Unknown</database>
	</source>
	<size>
		<width>529</width>
		<height>663</height>
		<depth>1</depth>
	</size>
	<segmented>0</segmented>
	<object>
		<name>door</name>
		<pose>Unspecified</pose>
		<truncated>0</truncated>
		<difficult>0</difficult>
		<bndbox>
			<xmin>161</xmin>
			<ymin>92</ymin>
			<xmax>212</xmax>
			<ymax>144</ymax>
		</bndbox>
	</object>
	<object>
		<name>door</name>
		<pose>Unspecified</pose>
		<truncated>0</truncated>
		<difficult>0</difficult>
		<bndbox>
			<xmin>213</xmin>
			<ymin>273</ymin>
			<xmax>268</xmax>
			<ymax>323</ymax>
		</bndbox>
	</object>
	<object>
		<name>door</name>
		<pose>Unspecified</pose>
		<truncated>0</truncated>
		<difficult>0</difficult>
		<bndbox>
			<xmin>217</xmin>
			<ymin>467</ymin>
			<xmax>272</xmax>
			<ymax>514</ymax>
		</bndbox>
	</object>
</annotation>
