<annotation>
	<folder>online floor plan images</folder>
	<filename>img_4.png</filename>
	<path>\\orion\ASDU\Developers\Manish\online floor plan images\img_4.png</path>
	<source>
		<database>Unknown</database>
	</source>
	<size>
		<width>643</width>
		<height>591</height>
		<depth>1</depth>
	</size>
	<segmented>0</segmented>
	<object>
		<name>door</name>
		<pose>Unspecified</pose>
		<truncated>0</truncated>
		<difficult>0</difficult>
		<bndbox>
			<xmin>363</xmin>
			<ymin>505</ymin>
			<xmax>452</xmax>
			<ymax>590</ymax>
		</bndbox>
	</object>
	<object>
		<name>door</name>
		<pose>Unspecified</pose>
		<truncated>0</truncated>
		<difficult>0</difficult>
		<bndbox>
			<xmin>87</xmin>
			<ymin>262</ymin>
			<xmax>176</xmax>
			<ymax>348</ymax>
		</bndbox>
	</object>
</annotation>
