<annotation>
	<folder>online floor plan images</folder>
	<filename>img_15.png</filename>
	<path>\\orion\ASDU\Developers\Manish\online floor plan images\img_15.png</path>
	<source>
		<database>Unknown</database>
	</source>
	<size>
		<width>1087</width>
		<height>815</height>
		<depth>3</depth>
	</size>
	<segmented>0</segmented>
	<object>
		<name>door</name>
		<pose>Unspecified</pose>
		<truncated>0</truncated>
		<difficult>0</difficult>
		<bndbox>
			<xmin>429</xmin>
			<ymin>243</ymin>
			<xmax>530</xmax>
			<ymax>349</ymax>
		</bndbox>
	</object>
	<object>
		<name>door</name>
		<pose>Unspecified</pose>
		<truncated>0</truncated>
		<difficult>0</difficult>
		<bndbox>
			<xmin>279</xmin>
			<ymin>348</ymin>
			<xmax>375</xmax>
			<ymax>448</ymax>
		</bndbox>
	</object>
	<object>
		<name>door</name>
		<pose>Unspecified</pose>
		<truncated>0</truncated>
		<difficult>0</difficult>
		<bndbox>
			<xmin>460</xmin>
			<ymin>454</ymin>
			<xmax>559</xmax>
			<ymax>554</ymax>
		</bndbox>
	</object>
	<object>
		<name>door</name>
		<pose>Unspecified</pose>
		<truncated>0</truncated>
		<difficult>0</difficult>
		<bndbox>
			<xmin>861</xmin>
			<ymin>663</ymin>
			<xmax>972</xmax>
			<ymax>771</ymax>
		</bndbox>
	</object>
	<object>
		<name>door</name>
		<pose>Unspecified</pose>
		<truncated>0</truncated>
		<difficult>0</difficult>
		<bndbox>
			<xmin>463</xmin>
			<ymin>663</ymin>
			<xmax>553</xmax>
			<ymax>750</ymax>
		</bndbox>
	</object>
	<object>
		<name>door</name>
		<pose>Unspecified</pose>
		<truncated>0</truncated>
		<difficult>0</difficult>
		<bndbox>
			<xmin>472</xmin>
			<ymin>618</ymin>
			<xmax>574</xmax>
			<ymax>689</ymax>
		</bndbox>
	</object>
</annotation>
