<annotation>
	<folder>online floor plan images</folder>
	<filename>img_14.png</filename>
	<path>\\orion\ASDU\Developers\Manish\online floor plan images\img_14.png</path>
	<source>
		<database>Unknown</database>
	</source>
	<size>
		<width>300</width>
		<height>232</height>
		<depth>3</depth>
	</size>
	<segmented>0</segmented>
	<object>
		<name>door</name>
		<pose>Unspecified</pose>
		<truncated>0</truncated>
		<difficult>0</difficult>
		<bndbox>
			<xmin>57</xmin>
			<ymin>99</ymin>
			<xmax>85</xmax>
			<ymax>124</ymax>
		</bndbox>
	</object>
	<object>
		<name>door</name>
		<pose>Unspecified</pose>
		<truncated>0</truncated>
		<difficult>0</difficult>
		<bndbox>
			<xmin>227</xmin>
			<ymin>76</ymin>
			<xmax>251</xmax>
			<ymax>98</ymax>
		</bndbox>
	</object>
	<object>
		<name>door</name>
		<pose>Unspecified</pose>
		<truncated>0</truncated>
		<difficult>0</difficult>
		<bndbox>
			<xmin>164</xmin>
			<ymin>160</ymin>
			<xmax>189</xmax>
			<ymax>187</ymax>
		</bndbox>
	</object>
</annotation>
